{
	"class_name" : "PinholeCameraParameters",
	"extrinsic" : 
	[
		-0.90445453614994087,
		0.14836068709374065,
		0.39993886853226512,
		0.0,
		0.22949472513808566,
		0.9595568316828843,
		0.1630425033679849,
		0.0,
		-0.35957497573050012,
		0.23924839246226512,
		-0.90192352421512556,
		0.0,
		2.4481168251105214,
		-2.7195107403846337,
		12.428825652678972,
		1.0
	],
	"intrinsic" : 
	{
		"height" : 1016,
		"intrinsic_matrix" : 
		[
			879.88181024498977,
			0.0,
			0.0,
			0.0,
			879.88181024498977,
			0.0,
			923.5,
			507.5,
			1.0
		],
		"width" : 1848
	},
	"version_major" : 1,
	"version_minor" : 0
}