{
	"class_name" : "PinholeCameraParameters",
	"extrinsic" : 
	[
		0.11970712671375636,
		0.8400048682400354,
		-0.529208867222553,
		0.0,
		0.38169866904171601,
		-0.5310119428579303,
		-0.75652656436772203,
		0.0,
		-0.91650222578328711,
		-0.11143669896083305,
		-0.38419465412599568,
		0.0,
		0.30925589300183942,
		-0.94049276534821158,
		5.1472878030285676,
		1.0
	],
	"intrinsic" : 
	{
		"height" : 1016,
		"intrinsic_matrix" : 
		[
			879.88181024498977,
			0.0,
			0.0,
			0.0,
			879.88181024498977,
			0.0,
			923.5,
			507.5,
			1.0
		],
		"width" : 1848
	},
	"version_major" : 1,
	"version_minor" : 0
}