{
	"class_name" : "PinholeCameraParameters",
	"extrinsic" : 
	[
		0.12868928336512242,
		0.77169390501383606,
		-0.62283832999540745,
		0.0,
		0.44247858414310093,
		-0.60675791120798672,
		-0.66034653005920907,
		0.0,
		-0.8874974765720115,
		-0.1906131006804565,
		-0.41954126725185709,
		0.0,
		0.11686564065212401,
		-0.48532119476139984,
		5.2495572240598207,
		1.0
	],
	"intrinsic" : 
	{
		"height" : 1016,
		"intrinsic_matrix" : 
		[
			879.88181024498977,
			0.0,
			0.0,
			0.0,
			879.88181024498977,
			0.0,
			923.5,
			507.5,
			1.0
		],
		"width" : 1848
	},
	"version_major" : 1,
	"version_minor" : 0
}